Last Name,First Name,User Id,Email
Corkery,Emely,ECorkery,Emely.Corkery@example.com
Kub,Desmond,DKub,Desmond.Kub@example.com
Padberg,Santina,SPadberg,Santina.Padberg@example.com
Kozey,Earline,EKozey,Earline.Kozey@example.com
Hand,Sydney,SHand,Sydney.Hand@example.com
Wisozk,Sylvan,SWisozk,Sylvan.Wisozk@example.com
O'Connell,Lyric,LO'Connell,Lyric.O'Connell@example.com
Ritchie,Pat,PRitchie,Pat.Ritchie@example.com
Emmerich,Jettie,JEmmerich,Jettie.Emmerich@example.com
Gorczany,Marco,MGorczany,Marco.Gorczany@example.com
McKenzie,Ari,AMcKenzie,Ari.McKenzie@example.com
Stamm,Rylan,RStamm,Rylan.Stamm@example.com
Hintz,Trace,THintz,Trace.Hintz@example.com
Heller,Will,WHeller,Will.Heller@example.com
Lockman,Tianna,TLockman,Tianna.Lockman@example.com
Luettgen,Trey,TLuettgen,Trey.Luettgen@example.com
Kuhlman,Lorenzo,LKuhlman,Lorenzo.Kuhlman@example.com
Wiza,Lily,LWiza,Lily.Wiza@example.com
Parisian,Emma,EParisian,Emma.Parisian@example.com
Wolf,Edison,EWolf,Edison.Wolf@example.com
Rau,Maurice,MRau,Maurice.Rau@example.com
Nitzsche,Nick,NNitzsche,Nick.Nitzsche@example.com
Weber,Iliana,IWeber,Iliana.Weber@example.com
Medhurst,Viola,VMedhurst,Viola.Medhurst@example.com
Hirthe,Shyanne,SHirthe,Shyanne.Hirthe@example.com
Deckow,Rosemarie,RDeckow,Rosemarie.Deckow@example.com
Parker,Odie,OParker,Odie.Parker@example.com
Morar,Hermina,HMorar,Hermina.Morar@example.com
Casper,Ozella,OCasper,Ozella.Casper@example.com
Kerluke,Toy,TKerluke,Toy.Kerluke@example.com
Jacobi,Eladio,EJacobi,Eladio.Jacobi@example.com
Goodwin,Kylie,KGoodwin,Kylie.Goodwin@example.com
Reichert,Sadye,SReichert,Sadye.Reichert@example.com
Prosacco,Christa,CProsacco,Christa.Prosacco@example.com
Mitchell,Whitney,WMitchell,Whitney.Mitchell@example.com
Langworth,Darby,DLangworth,Darby.Langworth@example.com
Harris,Annabelle,AHarris,Annabelle.Harris@example.com
Upton,Ollie,OUpton,Ollie.Upton@example.com
Nikolaus,Alejandra,ANikolaus,Alejandra.Nikolaus@example.com
Bergstrom,Alivia,ABergstrom,Alivia.Bergstrom@example.com
Johnston,Kyra,KJohnston,Kyra.Johnston@example.com
Wunsch,Charlie,CWunsch,Charlie.Wunsch@example.com
Runolfsdottir,Dewitt,DRunolfsdottir,Dewitt.Runolfsdottir@example.com
Boehm,Faye,FBoehm,Faye.Boehm@example.com
Grant,Elmore,EGrant,Elmore.Grant@example.com
Schulist,Burnice,BSchulist,Burnice.Schulist@example.com
Legros,Millie,MLegros,Millie.Legros@example.com
Boyle,Emma,EBoyle,Emma.Boyle@example.com
Weber,Abdul,AWeber,Abdul.Weber@example.com
Effertz,Jo,JEffertz,Jo.Effertz@example.com
Langosh,Maggie,MLangosh,Maggie.Langosh@example.com
Muller,Jayson,JMuller,Jayson.Muller@example.com
Heaney,Jace,JHeaney,Jace.Heaney@example.com
Bednar,Gregorio,GBednar,Gregorio.Bednar@example.com
Crooks,Kenya,KCrooks,Kenya.Crooks@example.com
Johns,Eve,EJohns,Eve.Johns@example.com
Sporer,Demond,DSporer,Demond.Sporer@example.com
Rolfson,Linnie,LRolfson,Linnie.Rolfson@example.com
Corkery,Jeff,JCorkery,Jeff.Corkery@example.com
Robel,Norberto,NRobel,Norberto.Robel@example.com
Hoppe,Elfrieda,EHoppe,Elfrieda.Hoppe@example.com
Hand,Vicky,VHand,Vicky.Hand@example.com
Kuphal,Omer,OKuphal,Omer.Kuphal@example.com
Kulas,Erica,EKulas,Erica.Kulas@example.com
Dibbert,Noelia,NDibbert,Noelia.Dibbert@example.com
Feeney,Nikolas,NFeeney,Nikolas.Feeney@example.com
Kunze,Dixie,DKunze,Dixie.Kunze@example.com
Wisozk,Alek,AWisozk,Alek.Wisozk@example.com
Lindgren,Rafael,RLindgren,Rafael.Lindgren@example.com
Leannon,Jacques,JLeannon,Jacques.Leannon@example.com
Mosciski,Justine,JMosciski,Justine.Mosciski@example.com
Runte,Teresa,TRunte,Teresa.Runte@example.com
Rosenbaum,Ora,ORosenbaum,Ora.Rosenbaum@example.com
Leuschke,Emiliano,ELeuschke,Emiliano.Leuschke@example.com
Turcotte,Shirley,STurcotte,Shirley.Turcotte@example.com
Conn,Michaela,MConn,Michaela.Conn@example.com
Hayes,Henri,HHayes,Henri.Hayes@example.com
Johns,Raymundo,RJohns,Raymundo.Johns@example.com
Stamm,Dennis,DStamm,Dennis.Stamm@example.com
McLaughlin,Rubie,RMcLaughlin,Rubie.McLaughlin@example.com
Windler,Janessa,JWindler,Janessa.Windler@example.com
Becker,Augusta,ABecker,Augusta.Becker@example.com
Corkery,Deontae,DCorkery,Deontae.Corkery@example.com
Bode,Orie,OBode,Orie.Bode@example.com
Wisoky,Heather,HWisoky,Heather.Wisoky@example.com
Brakus,Reed,RBrakus,Reed.Brakus@example.com
Huel,Grace,GHuel,Grace.Huel@example.com
Hodkiewicz,Hunter,HHodkiewicz,Hunter.Hodkiewicz@example.com
Fisher,Jalen,JFisher,Jalen.Fisher@example.com
Fahey,Stephany,SFahey,Stephany.Fahey@example.com
Schimmel,Uriel,USchimmel,Uriel.Schimmel@example.com
Shanahan,Roosevelt,RShanahan,Roosevelt.Shanahan@example.com
Goldner,Kaci,KGoldner,Kaci.Goldner@example.com
McLaughlin,Effie,EMcLaughlin,Effie.McLaughlin@example.com
Heidenreich,Domenick,DHeidenreich,Domenick.Heidenreich@example.com
Murazik,Octavia,OMurazik,Octavia.Murazik@example.com
Greenholt,Lindsay,LGreenholt,Lindsay.Greenholt@example.com
Durgan,Lowell,LDurgan,Lowell.Durgan@example.com
Fadel,Mina,MFadel,Mina.Fadel@example.com
Christiansen,Bailey,BChristiansen,Bailey.Christiansen@example.com
Crona,Annette,ACrona,Annette.Crona@example.com
Haley,Heber,HHaley,Heber.Haley@example.com
Price,Drew,DPrice,Drew.Price@example.com
Oberbrunner,Freeman,FOberbrunner,Freeman.Oberbrunner@example.com
Stroman,Shanny,SStroman,Shanny.Stroman@example.com
Bayer,Deontae,DBayer,Deontae.Bayer@example.com
Williamson,Crystel,CWilliamson,Crystel.Williamson@example.com
Heaney,Van,VHeaney,Van.Heaney@example.com
Schimmel,Baron,BSchimmel,Baron.Schimmel@example.com
Balistreri,Jaron,JBalistreri,Jaron.Balistreri@example.com
Hagenes,Dino,DHagenes,Dino.Hagenes@example.com
Doyle,Gracie,GDoyle,Gracie.Doyle@example.com
Lynch,Brisa,BLynch,Brisa.Lynch@example.com
Bechtelar,Nettie,NBechtelar,Nettie.Bechtelar@example.com
Bernier,Ed,EBernier,Ed.Bernier@example.com
Ankunding,Kianna,KAnkunding,Kianna.Ankunding@example.com
Heidenreich,Karli,KHeidenreich,Karli.Heidenreich@example.com
Lynch,Kenneth,KLynch,Kenneth.Lynch@example.com
Kihn,Genesis,GKihn,Genesis.Kihn@example.com
Cormier,Reta,RCormier,Reta.Cormier@example.com
Lynch,Garrison,GLynch,Garrison.Lynch@example.com
Reynolds,Emilio,EReynolds,Emilio.Reynolds@example.com
Blick,William,WBlick,William.Blick@example.com
Morar,Taurean,TMorar,Taurean.Morar@example.com
Jaskolski,Tommie,TJaskolski,Tommie.Jaskolski@example.com
Labadie,Rafael,RLabadie,Rafael.Labadie@example.com
Senger,Wilhelm,WSenger,Wilhelm.Senger@example.com
Walter,Rory,RWalter,Rory.Walter@example.com
Sipes,Chelsie,CSipes,Chelsie.Sipes@example.com
Jacobs,Mercedes,MJacobs,Mercedes.Jacobs@example.com
Berge,Daryl,DBerge,Daryl.Berge@example.com
Wilderman,Skyla,SWilderman,Skyla.Wilderman@example.com
Ortiz,Pearlie,POrtiz,Pearlie.Ortiz@example.com
Rowe,Keshaun,KRowe,Keshaun.Rowe@example.com
Gu地nn,Brain,BGu地nn,Brain.Gu地nn@example.com
Ratke,Phyllis,PRatke,Phyllis.Ratke@example.com
Lind,Johan,JLind,Johan.Lind@example.com
Wuckert,Monserrate,MWuckert,Monserrate.Wuckert@example.com
Kihn,Will,WKihn,Will.Kihn@example.com
Kiehn,Ilene,IKiehn,Ilene.Kiehn@example.com
Williamson,Annie,AWilliamson,Annie.Williamson@example.com
Hagenes,Sabina,SHagenes,Sabina.Hagenes@example.com
Goyette,Daisha,DGoyette,Daisha.Goyette@example.com
Sporer,Josiah,JSporer,Josiah.Sporer@example.com
O'Kon,Melisa,MO'Kon,Melisa.O'Kon@example.com
Gusikowski,Brock,BGusikowski,Brock.Gusikowski@example.com
Volkman,Agnes,AVolkman,Agnes.Volkman@example.com
Franecki,Amira,AFranecki,Amira.Franecki@example.com
Olson,Rosie,ROlson,Rosie.Olson@example.com
Pagac,John,JPagac,John.Pagac@example.com
Smith,Verla,VSmith,Verla.Smith@example.com
Rice,Kelsi,KRice,Kelsi.Rice@example.com
Becker,Terence,TBecker,Terence.Becker@example.com
Ortiz,Hoyt,HOrtiz,Hoyt.Ortiz@example.com
Hansen,Autumn,AHansen,Autumn.Hansen@example.com
Medhurst,Jakayla,JMedhurst,Jakayla.Medhurst@example.com
Farrell,Vince,VFarrell,Vince.Farrell@example.com
West,Isabelle,IWest,Isabelle.West@example.com
Funk,Matilda,MFunk,Matilda.Funk@example.com
Jewess,Summer,SJewess,Summer.Jewess@example.com
Ebert,Moises,MEbert,Moises.Ebert@example.com
Roberts,Meredith,MRoberts,Meredith.Roberts@example.com
Lockman,Edwin,ELockman,Edwin.Lockman@example.com
Franecki,Madyson,MFranecki,Madyson.Franecki@example.com
Kassulke,Andre,AKassulke,Andre.Kassulke@example.com
Marvin,Stephon,SMarvin,Stephon.Marvin@example.com
Hoppe,Aniya,AHoppe,Aniya.Hoppe@example.com
Stracke,Estrella,EStracke,Estrella.Stracke@example.com
Blick,Sierra,SBlick,Sierra.Blick@example.com
Feeney,Roel,RFeeney,Roel.Feeney@example.com
Lynch,Marian,MLynch,Marian.Lynch@example.com
Grant,Domenick,DGrant,Domenick.Grant@example.com
Sanford,Manuela,MSanford,Manuela.Sanford@example.com
Jaskolski,Kyla,KJaskolski,Kyla.Jaskolski@example.com
Shanahan,Lucas,LShanahan,Lucas.Shanahan@example.com
Spencer,Jany,JSpencer,Jany.Spencer@example.com
Goldner,Elfrieda,EGoldner,Elfrieda.Goldner@example.com
Kautzer,Thaddeus,TKautzer,Thaddeus.Kautzer@example.com
Bartell,Gloria,GBartell,Gloria.Bartell@example.com
Kuhic,Phoebe,PKuhic,Phoebe.Kuhic@example.com
Kulas,Geovanni,GKulas,Geovanni.Kulas@example.com
Dibbert,Eli,EDibbert,Eli.Dibbert@example.com
Stroman,Jocelyn,JStroman,Jocelyn.Stroman@example.com
Mosciski,Francisca,FMosciski,Francisca.Mosciski@example.com
Haag,Payton,PHaag,Payton.Haag@example.com
Jones,Gabe,GJones,Gabe.Jones@example.com
Swaniawski,Kali,KSwaniawski,Kali.Swaniawski@example.com
Hackett,Ashleigh,AHackett,Ashleigh.Hackett@example.com
Lindgren,Elmore,ELindgren,Elmore.Lindgren@example.com
Breitenberg,Shaniya,SBreitenberg,Shaniya.Breitenberg@example.com
Bailey,Willis,WBailey,Willis.Bailey@example.com
Hoeger,Mabelle,MHoeger,Mabelle.Hoeger@example.com
McCullough,Kelley,KMcCullough,Kelley.McCullough@example.com
Hilll,Demario,DHilll,Demario.Hilll@example.com
Baumbach,Arnold,ABaumbach,Arnold.Baumbach@example.com
Huels,Khalid,KHuels,Khalid.Huels@example.com
Barton,Eliezer,EBarton,Eliezer.Barton@example.com
Wiza,Elva,EWiza,Elva.Wiza@example.com
Keeling,Cristal,CKeeling,Cristal.Keeling@example.com
Leannon,Kitty,KLeannon,Kitty.Leannon@example.com
Cole,Glenda,GCole,Glenda.Cole@example.com
Lang,Taya,TLang,Taya.Lang@example.com
Bartell,Monique,MBartell,Monique.Bartell@example.com
Pacocha,Montana,MPacocha,Montana.Pacocha@example.com
Schultz,Afton,ASchultz,Afton.Schultz@example.com
Mann,Fae,FMann,Fae.Mann@example.com
Bruen,Marisa,MBruen,Marisa.Bruen@example.com
Schumm,Lea,LSchumm,Lea.Schumm@example.com
O'Conner,Gwendolyn,GO'Conner,Gwendolyn.O'Conner@example.com
Nolan,Hayden,HNolan,Hayden.Nolan@example.com
Larson,Lester,LLarson,Lester.Larson@example.com
Luettgen,Bertrand,BLuettgen,Bertrand.Luettgen@example.com
Murphy,Geovany,GMurphy,Geovany.Murphy@example.com
Sanford,Dalton,DSanford,Dalton.Sanford@example.com
Friesen,Erika,EFriesen,Erika.Friesen@example.com
Keebler,Melba,MKeebler,Melba.Keebler@example.com
Tremblay,Hailee,HTremblay,Hailee.Tremblay@example.com
Weimann,Lazaro,LWeimann,Lazaro.Weimann@example.com
Langworth,Benton,BLangworth,Benton.Langworth@example.com
Leffler,Hillard,HLeffler,Hillard.Leffler@example.com
Schoen,General,GSchoen,General.Schoen@example.com
Gaylord,Wendell,WGaylord,Wendell.Gaylord@example.com
White,Mateo,MWhite,Mateo.White@example.com
Larkin,Luciano,LLarkin,Luciano.Larkin@example.com
Mraz,Constance,CMraz,Constance.Mraz@example.com
Ebert,Richmond,REbert,Richmond.Ebert@example.com
Bergstrom,Michale,MBergstrom,Michale.Bergstrom@example.com
Zieme,Sigmund,SZieme,Sigmund.Zieme@example.com
Reilly,Dashawn,DReilly,Dashawn.Reilly@example.com
Hickle,Leola,LHickle,Leola.Hickle@example.com
Ryan,Alia,ARyan,Alia.Ryan@example.com
Homenick,Edmond,EHomenick,Edmond.Homenick@example.com
Blick,Felicity,FBlick,Felicity.Blick@example.com
Corwin,Vivian,VCorwin,Vivian.Corwin@example.com
Ritchie,Greta,GRitchie,Greta.Ritchie@example.com
Simonis,Armando,ASimonis,Armando.Simonis@example.com
Von,Natalia,NVon,Natalia.Von@example.com
Kunze,Heaven,HKunze,Heaven.Kunze@example.com
Wilkinson,Crystal,CWilkinson,Crystal.Wilkinson@example.com
Smith,Easton,ESmith,Easton.Smith@example.com
Parker,Alba,AParker,Alba.Parker@example.com
Reilly,Angelica,AReilly,Angelica.Reilly@example.com
Rutherford,Albertha,ARutherford,Albertha.Rutherford@example.com
Williamson,Wilfred,WWilliamson,Wilfred.Williamson@example.com
Becker,Cathrine,CBecker,Cathrine.Becker@example.com
Graham,Mustafa,MGraham,Mustafa.Graham@example.com
Pfeffer,Coleman,CPfeffer,Coleman.Pfeffer@example.com
Green,Isabelle,IGreen,Isabelle.Green@example.com
Anderson,Horacio,HAnderson,Horacio.Anderson@example.com
Balistreri,Russ,RBalistreri,Russ.Balistreri@example.com
Herzog,Roman,RHerzog,Roman.Herzog@example.com
Hessel,Uriah,UHessel,Uriah.Hessel@example.com
Reilly,Vida,VReilly,Vida.Reilly@example.com
Prosacco,Rasheed,RProsacco,Rasheed.Prosacco@example.com
McGlynn,Yazmin,YMcGlynn,Yazmin.McGlynn@example.com
Greenfelder,Odie,OGreenfelder,Odie.Greenfelder@example.com
Swift,Alene,ASwift,Alene.Swift@example.com
Kunze,Lexus,LKunze,Lexus.Kunze@example.com
Langworth,Eino,ELangworth,Eino.Langworth@example.com
Gislason,Kayleigh,KGislason,Kayleigh.Gislason@example.com
Reichert,Maryam,MReichert,Maryam.Reichert@example.com
Shanahan,Jettie,JShanahan,Jettie.Shanahan@example.com
Purdy,Celine,CPurdy,Celine.Purdy@example.com
Leuschke,Kevon,KLeuschke,Kevon.Leuschke@example.com
Borer,Bernard,BBorer,Bernard.Borer@example.com
Halvorson,Dillon,DHalvorson,Dillon.Halvorson@example.com
Ortiz,Jordane,JOrtiz,Jordane.Ortiz@example.com
Predovic,Loyal,LPredovic,Loyal.Predovic@example.com
Parker,Tevin,TParker,Tevin.Parker@example.com
Wiegand,Oswaldo,OWiegand,Oswaldo.Wiegand@example.com
Cremin,Tracy,TCremin,Tracy.Cremin@example.com
Prosacco,Buster,BProsacco,Buster.Prosacco@example.com
Pollich,Christina,CPollich,Christina.Pollich@example.com
Walter,Garret,GWalter,Garret.Walter@example.com
Little,Lila,LLittle,Lila.Little@example.com
Romaguera,Vernon,VRomaguera,Vernon.Romaguera@example.com
Botsford,Theodora,TBotsford,Theodora.Botsford@example.com
Roob,Amina,ARoob,Amina.Roob@example.com
Hilpert,Alvena,AHilpert,Alvena.Hilpert@example.com
Casper,Sarai,SCasper,Sarai.Casper@example.com
Schiller,Mallory,MSchiller,Mallory.Schiller@example.com
Bins,Camille,CBins,Camille.Bins@example.com
Krajcik,Charlotte,CKrajcik,Charlotte.Krajcik@example.com
Keeling,Lauriane,LKeeling,Lauriane.Keeling@example.com
Moen,Nakia,NMoen,Nakia.Moen@example.com
Kautzer,Elisha,EKautzer,Elisha.Kautzer@example.com
Schmeler,Luciano,LSchmeler,Luciano.Schmeler@example.com
Daugherty,Theo,TDaugherty,Theo.Daugherty@example.com
Thompson,Chris,CThompson,Chris.Thompson@example.com
Daniel,Valentin,VDaniel,Valentin.Daniel@example.com
Gulgowski,Alexanne,AGulgowski,Alexanne.Gulgowski@example.com
Vandervort,Dasia,DVandervort,Dasia.Vandervort@example.com
Beier,Myrtie,MBeier,Myrtie.Beier@example.com
Greenfelder,Rasheed,RGreenfelder,Rasheed.Greenfelder@example.com
Nitzsche,Mike,MNitzsche,Mike.Nitzsche@example.com
Kohler,Aditya,AKohler,Aditya.Kohler@example.com
Von,Darien,DVon,Darien.Von@example.com
Kutch,Bryana,BKutch,Bryana.Kutch@example.com
Rath,Telly,TRath,Telly.Rath@example.com
Stokes,Ricardo,RStokes,Ricardo.Stokes@example.com
Bechtelar,Maryse,MBechtelar,Maryse.Bechtelar@example.com
Boyer,Bettye,BBoyer,Bettye.Boyer@example.com
Stehr,Philip,PStehr,Philip.Stehr@example.com
Mertz,Agustina,AMertz,Agustina.Mertz@example.com
Bayer,Erling,EBayer,Erling.Bayer@example.com
Casper,Jody,JCasper,Jody.Casper@example.com
Waters,Lela,LWaters,Lela.Waters@example.com
Cruickshank,Zena,ZCruickshank,Zena.Cruickshank@example.com
Bartell,Domingo,DBartell,Domingo.Bartell@example.com
Schoen,Brady,BSchoen,Brady.Schoen@example.com
Klein,Tara,TKlein,Tara.Klein@example.com
Har地nn,Kenna,KHar地nn,Kenna.Har地nn@example.com
Kuvalis,Berneice,BKuvalis,Berneice.Kuvalis@example.com
Daugherty,Afton,ADaugherty,Afton.Daugherty@example.com
Smitham,Corbin,CSmitham,Corbin.Smitham@example.com
Lebsack,Dortha,DLebsack,Dortha.Lebsack@example.com
Turner,Jakayla,JTurner,Jakayla.Turner@example.com
O'Keefe,Bertha,BO'Keefe,Bertha.O'Keefe@example.com
Gerhold,Lilly,LGerhold,Lilly.Gerhold@example.com
Schmeler,Kolby,KSchmeler,Kolby.Schmeler@example.com
Runte,Elmo,ERunte,Elmo.Runte@example.com
Nienow,Luisa,LNienow,Luisa.Nienow@example.com
Klocko,Angelo,AKlocko,Angelo.Klocko@example.com
Windler,Madelyn,MWindler,Madelyn.Windler@example.com
Treutel,Nicolette,NTreutel,Nicolette.Treutel@example.com
Rohan,Chanel,CRohan,Chanel.Rohan@example.com
Grady,Phoebe,PGrady,Phoebe.Grady@example.com
Romaguera,Ford,FRomaguera,Ford.Romaguera@example.com
Huels,Catalina,CHuels,Catalina.Huels@example.com
Ortiz,Ellie,EOrtiz,Ellie.Ortiz@example.com
Marks,Preston,PMarks,Preston.Marks@example.com
Gutkowski,Kassandra,KGutkowski,Kassandra.Gutkowski@example.com
Thompson,Ludie,LThompson,Ludie.Thompson@example.com
Huel,Letitia,LHuel,Letitia.Huel@example.com
Schroeder,Percival,PSchroeder,Percival.Schroeder@example.com
Stokes,Mackenzie,MStokes,Mackenzie.Stokes@example.com
Grant,Toney,TGrant,Toney.Grant@example.com
Harber,Ella,EHarber,Ella.Harber@example.com
Yundt,Clementina,CYundt,Clementina.Yundt@example.com
Armstrong,Eleanore,EArmstrong,Eleanore.Armstrong@example.com
Wilkinson,Trudie,TWilkinson,Trudie.Wilkinson@example.com
Oberbrunner,Mitchel,MOberbrunner,Mitchel.Oberbrunner@example.com
Stamm,Brooks,BStamm,Brooks.Stamm@example.com
Waelchi,Maci,MWaelchi,Maci.Waelchi@example.com
Kautzer,Santina,SKautzer,Santina.Kautzer@example.com
Witting,Alayna,AWitting,Alayna.Witting@example.com
Mraz,Trystan,TMraz,Trystan.Mraz@example.com
O'Keefe,Janelle,JO'Keefe,Janelle.O'Keefe@example.com
Zieme,Nicklaus,NZieme,Nicklaus.Zieme@example.com
Spinka,Darrell,DSpinka,Darrell.Spinka@example.com
Mayert,Alta,AMayert,Alta.Mayert@example.com
Veum,Santa,SVeum,Santa.Veum@example.com
Tromp,Wilber,WTromp,Wilber.Tromp@example.com
Roberts,Alek,ARoberts,Alek.Roberts@example.com
Gerlach,Evangeline,EGerlach,Evangeline.Gerlach@example.com
Halvorson,Neil,NHalvorson,Neil.Halvorson@example.com
Friesen,Santa,SFriesen,Santa.Friesen@example.com
Simonis,Granville,GSimonis,Granville.Simonis@example.com
Zieme,Celine,CZieme,Celine.Zieme@example.com
Altenwerth,Gideon,GAltenwerth,Gideon.Altenwerth@example.com
Stanton,Lelah,LStanton,Lelah.Stanton@example.com
Beatty,Savion,SBeatty,Savion.Beatty@example.com
Marvin,Ophelia,OMarvin,Ophelia.Marvin@example.com
Runolfsson,Charley,CRunolfsson,Charley.Runolfsson@example.com
Grimes,Zena,ZGrimes,Zena.Grimes@example.com
Hammes,Elian,EHammes,Elian.Hammes@example.com
Lakin,Marielle,MLakin,Marielle.Lakin@example.com
Feil,Shany,SFeil,Shany.Feil@example.com
O'Connell,Ibrahim,IO'Connell,Ibrahim.O'Connell@example.com
Ruecker,Willy,WRuecker,Willy.Ruecker@example.com
Wisozk,Elmore,EWisozk,Elmore.Wisozk@example.com
Osinski,Rickey,ROsinski,Rickey.Osinski@example.com
Prohaska,Verdie,VProhaska,Verdie.Prohaska@example.com
Gaylord,Rozella,RGaylord,Rozella.Gaylord@example.com
Rohan,Emmy,ERohan,Emmy.Rohan@example.com
Okuneva,Damaris,DOkuneva,Damaris.Okuneva@example.com
Keeling,Stone,SKeeling,Stone.Keeling@example.com
Gulgowski,Britney,BGulgowski,Britney.Gulgowski@example.com
Dach,Oceane,ODach,Oceane.Dach@example.com
Hackett,Kristin,KHackett,Kristin.Hackett@example.com
Ondricka,Kayden,KOndricka,Kayden.Ondricka@example.com
Lesch,Pat,PLesch,Pat.Lesch@example.com
Howe,Retha,RHowe,Retha.Howe@example.com
Paucek,Jack,JPaucek,Jack.Paucek@example.com
Bergnaum,Jermaine,JBergnaum,Jermaine.Bergnaum@example.com
Jacobs,Bell,BJacobs,Bell.Jacobs@example.com
Daniel,Chanel,CDaniel,Chanel.Daniel@example.com
Smith,Camden,CSmith,Camden.Smith@example.com
Klocko,Melany,MKlocko,Melany.Klocko@example.com
Block,Lorena,LBlock,Lorena.Block@example.com
Witting,Durward,DWitting,Durward.Witting@example.com
Brown,Abbigail,ABrown,Abbigail.Brown@example.com
Hane,Corene,CHane,Corene.Hane@example.com
Welch,Odessa,OWelch,Odessa.Welch@example.com
Reinger,Sydney,SReinger,Sydney.Reinger@example.com
Schumm,Ignacio,ISchumm,Ignacio.Schumm@example.com
Hammes,Tabitha,THammes,Tabitha.Hammes@example.com
Spencer,Vallie,VSpencer,Vallie.Spencer@example.com
Wilderman,Lilly,LWilderman,Lilly.Wilderman@example.com
Russel,Dayana,DRussel,Dayana.Russel@example.com
Hauck,Reinhold,RHauck,Reinhold.Hauck@example.com
Hintz,Mia,MHintz,Mia.Hintz@example.com
Beatty,Dakota,DBeatty,Dakota.Beatty@example.com
Balistreri,Holly,HBalistreri,Holly.Balistreri@example.com
Cassin,Joshua,JCassin,Joshua.Cassin@example.com
Tillman,Frederic,FTillman,Frederic.Tillman@example.com
Nicolas,Evert,ENicolas,Evert.Nicolas@example.com
Huels,Gilbert,GHuels,Gilbert.Huels@example.com
Kessler,Samara,SKessler,Samara.Kessler@example.com
Macejkovic,Rosa,RMacejkovic,Rosa.Macejkovic@example.com
Green,Lauryn,LGreen,Lauryn.Green@example.com
Heaney,Zelda,ZHeaney,Zelda.Heaney@example.com
Stark,Giovani,GStark,Giovani.Stark@example.com
Wiegand,Coy,CWiegand,Coy.Wiegand@example.com
Hauck,Cecilia,CHauck,Cecilia.Hauck@example.com
Schroeder,Diana,DSchroeder,Diana.Schroeder@example.com
Ankunding,Alicia,AAnkunding,Alicia.Ankunding@example.com
Walter,Kyla,KWalter,Kyla.Walter@example.com
Turner,Shanon,STurner,Shanon.Turner@example.com
Ortiz,Alivia,AOrtiz,Alivia.Ortiz@example.com
Harber,Winston,WHarber,Winston.Harber@example.com
Kovacek,Maida,MKovacek,Maida.Kovacek@example.com
Streich,Murl,MStreich,Murl.Streich@example.com
Leuschke,Scotty,SLeuschke,Scotty.Leuschke@example.com
Schimmel,Jordan,JSchimmel,Jordan.Schimmel@example.com
Tillman,Cecilia,CTillman,Cecilia.Tillman@example.com
Cartwright,Alyson,ACartwright,Alyson.Cartwright@example.com
Purdy,Elisa,EPurdy,Elisa.Purdy@example.com
Von,Ana,AVon,Ana.Von@example.com
Hickle,Ernesto,EHickle,Ernesto.Hickle@example.com
Runte,Kevon,KRunte,Kevon.Runte@example.com
Johns,Alvina,AJohns,Alvina.Johns@example.com
Kulas,Archibald,AKulas,Archibald.Kulas@example.com
Grant,Shawn,SGrant,Shawn.Grant@example.com
Hegmann,Walton,WHegmann,Walton.Hegmann@example.com
Towne,Dante,DTowne,Dante.Towne@example.com
Hermann,Jeramy,JHermann,Jeramy.Hermann@example.com
Miller,Geo,GMiller,Geo.Miller@example.com
Kunze,Jaleel,JKunze,Jaleel.Kunze@example.com
Rutherford,Rosa,RRutherford,Rosa.Rutherford@example.com
Larkin,Mekhi,MLarkin,Mekhi.Larkin@example.com
Jerde,Dusty,DJerde,Dusty.Jerde@example.com
Daniel,Brock,BDaniel,Brock.Daniel@example.com
Gerhold,Angelita,AGerhold,Angelita.Gerhold@example.com
Moen,Harold,HMoen,Harold.Moen@example.com
Blanda,Sylvan,SBlanda,Sylvan.Blanda@example.com
Vandervort,Kameron,KVandervort,Kameron.Vandervort@example.com
Schmitt,Lizzie,LSchmitt,Lizzie.Schmitt@example.com
Mann,Hilario,HMann,Hilario.Mann@example.com
Konopelski,Verona,VKonopelski,Verona.Konopelski@example.com
Homenick,Ted,THomenick,Ted.Homenick@example.com
Rowe,Hermina,HRowe,Hermina.Rowe@example.com
Greenholt,Gunner,GGreenholt,Gunner.Greenholt@example.com
Cremin,Christophe,CCremin,Christophe.Cremin@example.com
Mueller,Roosevelt,RMueller,Roosevelt.Mueller@example.com
Borer,Colten,CBorer,Colten.Borer@example.com
Greenfelder,Thora,TGreenfelder,Thora.Greenfelder@example.com
Mills,Arnaldo,AMills,Arnaldo.Mills@example.com
Friesen,Hildegard,HFriesen,Hildegard.Friesen@example.com
Herman,Hunter,HHerman,Hunter.Herman@example.com
Cummings,Brenda,BCummings,Brenda.Cummings@example.com
Klein,Audie,AKlein,Audie.Klein@example.com
Streich,Kattie,KStreich,Kattie.Streich@example.com
Bernhard,Norbert,NBernhard,Norbert.Bernhard@example.com
Mante,Marcelino,MMante,Marcelino.Mante@example.com
Steuber,Ryann,RSteuber,Ryann.Steuber@example.com
Wisozk,Neal,NWisozk,Neal.Wisozk@example.com
McClure,Camren,CMcClure,Camren.McClure@example.com
Walker,Felix,FWalker,Felix.Walker@example.com
Lehner,Quincy,QLehner,Quincy.Lehner@example.com
Mills,Damon,DMills,Damon.Mills@example.com
Jewess,Claud,CJewess,Claud.Jewess@example.com
Connelly,Aaliyah,AConnelly,Aaliyah.Connelly@example.com
McCullough,Ayana,AMcCullough,Ayana.McCullough@example.com
Mitchell,Dominic,DMitchell,Dominic.Mitchell@example.com
Hoeger,Nicklaus,NHoeger,Nicklaus.Hoeger@example.com
Pouros,Ettie,EPouros,Ettie.Pouros@example.com
Emmerich,Mario,MEmmerich,Mario.Emmerich@example.com
Denesik,Elmo,EDenesik,Elmo.Denesik@example.com
Towne,Jettie,JTowne,Jettie.Towne@example.com
Gerhold,Judd,JGerhold,Judd.Gerhold@example.com
Bode,Kayli,KBode,Kayli.Bode@example.com
Weimann,Arthur,AWeimann,Arthur.Weimann@example.com
Lockman,Neal,NLockman,Neal.Lockman@example.com
Gleichner,Price,PGleichner,Price.Gleichner@example.com
Harris,Cassidy,CHarris,Cassidy.Harris@example.com
White,Aiden,AWhite,Aiden.White@example.com
Schimmel,Donnell,DSchimmel,Donnell.Schimmel@example.com
McClure,Queenie,QMcClure,Queenie.McClure@example.com
Hegmann,Ibrahim,IHegmann,Ibrahim.Hegmann@example.com
White,Jaida,JWhite,Jaida.White@example.com
Fritsch,Raegan,RFritsch,Raegan.Fritsch@example.com
Kemmer,Nelle,NKemmer,Nelle.Kemmer@example.com
Abshire,Jarred,JAbshire,Jarred.Abshire@example.com
Conroy,Alvah,AConroy,Alvah.Conroy@example.com
Weimann,Rasheed,RWeimann,Rasheed.Weimann@example.com
Bins,Ubaldo,UBins,Ubaldo.Bins@example.com
Sanford,Albertha,ASanford,Albertha.Sanford@example.com
Mertz,Leonor,LMertz,Leonor.Mertz@example.com
Schiller,Reilly,RSchiller,Reilly.Schiller@example.com
Turcotte,Cristobal,CTurcotte,Cristobal.Turcotte@example.com
Schamberger,Morgan,MSchamberger,Morgan.Schamberger@example.com
Hilpert,Silas,SHilpert,Silas.Hilpert@example.com
Sporer,Wyman,WSporer,Wyman.Sporer@example.com
Nitzsche,Alvera,ANitzsche,Alvera.Nitzsche@example.com
Parker,Kasey,KParker,Kasey.Parker@example.com
Huel,Arvid,AHuel,Arvid.Huel@example.com
Walsh,Barry,BWalsh,Barry.Walsh@example.com
Keeling,Ramon,RKeeling,Ramon.Keeling@example.com
Pouros,Orin,OPouros,Orin.Pouros@example.com
Heidenreich,Jadyn,JHeidenreich,Jadyn.Heidenreich@example.com
Schinner,Queenie,QSchinner,Queenie.Schinner@example.com
Greenholt,Brooks,BGreenholt,Brooks.Greenholt@example.com
Marquardt,Hadley,HMarquardt,Hadley.Marquardt@example.com
Becker,Linnea,LBecker,Linnea.Becker@example.com
McCullough,Richmond,RMcCullough,Richmond.McCullough@example.com
Ziemann,Kaden,KZiemann,Kaden.Ziemann@example.com
Mills,Gay,GMills,Gay.Mills@example.com
Volkman,Marcelo,MVolkman,Marcelo.Volkman@example.com
Tremblay,Dewitt,DTremblay,Dewitt.Tremblay@example.com
Reichert,Hubert,HReichert,Hubert.Reichert@example.com
Mraz,Lennie,LMraz,Lennie.Mraz@example.com
Spinka,Shaina,SSpinka,Shaina.Spinka@example.com
Heidenreich,Leila,LHeidenreich,Leila.Heidenreich@example.com
Turcotte,Werner,WTurcotte,Werner.Turcotte@example.com
Legros,Estevan,ELegros,Estevan.Legros@example.com
Baumbach,Hester,HBaumbach,Hester.Baumbach@example.com
Kovacek,Shanel,SKovacek,Shanel.Kovacek@example.com
Trantow,Santiago,STrantow,Santiago.Trantow@example.com
Schamberger,Rick,RSchamberger,Rick.Schamberger@example.com
Rodriguez,Kayla,KRodriguez,Kayla.Rodriguez@example.com
Hoeger,Anahi,AHoeger,Anahi.Hoeger@example.com
Funk,Ryann,RFunk,Ryann.Funk@example.com
Fadel,Vidal,VFadel,Vidal.Fadel@example.com
Kuhn,Bessie,BKuhn,Bessie.Kuhn@example.com
Farrell,Mina,MFarrell,Mina.Farrell@example.com
Metz,German,GMetz,German.Metz@example.com
Nader,Elfrieda,ENader,Elfrieda.Nader@example.com
Nicolas,Anastasia,ANicolas,Anastasia.Nicolas@example.com
Watsica,Simone,SWatsica,Simone.Watsica@example.com
Schuppe,Maya,MSchuppe,Maya.Schuppe@example.com
Volkman,Roxanne,RVolkman,Roxanne.Volkman@example.com
Adams,Hellen,HAdams,Hellen.Adams@example.com
Windler,Dexter,DWindler,Dexter.Windler@example.com
Frami,Richie,RFrami,Richie.Frami@example.com
Padberg,Manley,MPadberg,Manley.Padberg@example.com
Watsica,Kiley,KWatsica,Kiley.Watsica@example.com
Bartoletti,Theo,TBartoletti,Theo.Bartoletti@example.com
Hamill,Berta,BHamill,Berta.Hamill@example.com
Marvin,Camille,CMarvin,Camille.Marvin@example.com
Romaguera,Darryl,DRomaguera,Darryl.Romaguera@example.com
Brakus,Assunta,ABrakus,Assunta.Brakus@example.com
Pouros,Demarco,DPouros,Demarco.Pouros@example.com
Block,Eleazar,EBlock,Eleazar.Block@example.com
Gusikowski,Dessie,DGusikowski,Dessie.Gusikowski@example.com
Powlowski,Reyna,RPowlowski,Reyna.Powlowski@example.com
Streich,Geovany,GStreich,Geovany.Streich@example.com
Hintz,Ahmed,AHintz,Ahmed.Hintz@example.com
Kutch,Lazaro,LKutch,Lazaro.Kutch@example.com
Wehner,Cheyenne,CWehner,Cheyenne.Wehner@example.com
Bednar,Mariah,MBednar,Mariah.Bednar@example.com
McGlynn,Josue,JMcGlynn,Josue.McGlynn@example.com
Kuhlman,Muriel,MKuhlman,Muriel.Kuhlman@example.com
Ratke,Casandra,CRatke,Casandra.Ratke@example.com
Rippin,Timmothy,TRippin,Timmothy.Rippin@example.com
O'Keefe,Zola,ZO'Keefe,Zola.O'Keefe@example.com
Hodkiewicz,Brent,BHodkiewicz,Brent.Hodkiewicz@example.com
Bartell,August,ABartell,August.Bartell@example.com
Kuhn,Mitchel,MKuhn,Mitchel.Kuhn@example.com
Considine,Daniela,DConsidine,Daniela.Considine@example.com
Yundt,Retta,RYundt,Retta.Yundt@example.com
Kling,Rigoberto,RKling,Rigoberto.Kling@example.com
Schmidt,Tyree,TSchmidt,Tyree.Schmidt@example.com
Spinka,Abelardo,ASpinka,Abelardo.Spinka@example.com
Kreiger,Kirsten,KKreiger,Kirsten.Kreiger@example.com
Koch,Doyle,DKoch,Doyle.Koch@example.com
Bayer,Gilbert,GBayer,Gilbert.Bayer@example.com
Armstrong,Luther,LArmstrong,Luther.Armstrong@example.com
Mitchell,Spencer,SMitchell,Spencer.Mitchell@example.com
Wehner,Ivah,IWehner,Ivah.Wehner@example.com
Goodwin,Jarred,JGoodwin,Jarred.Goodwin@example.com
Wolf,Darby,DWolf,Darby.Wolf@example.com
Lockman,Georgette,GLockman,Georgette.Lockman@example.com
Kutch,Cristal,CKutch,Cristal.Kutch@example.com
Ratke,Brandi,BRatke,Brandi.Ratke@example.com
Konopelski,Hayley,HKonopelski,Hayley.Konopelski@example.com
Schuppe,Arvel,ASchuppe,Arvel.Schuppe@example.com
Kertzmann,Dena,DKertzmann,Dena.Kertzmann@example.com
Flatley,Trevion,TFlatley,Trevion.Flatley@example.com
Barton,Maryse,MBarton,Maryse.Barton@example.com
Quitzon,Narciso,NQuitzon,Narciso.Quitzon@example.com
Ratke,Reagan,RRatke,Reagan.Ratke@example.com
Bednar,Lucius,LBednar,Lucius.Bednar@example.com
